epoch,train_loss,val_loss
1,0.18409601429947475,0.04992226751136568
2,0.09582320781911328,0.10918286846444661
3,0.0868915014718966,0.12630486638346572
4,0.08144595149179285,0.11615227188206355
5,0.07977343032165513,0.11431679210117532
6,0.07463038778918306,0.11713377135405269
7,0.07112381378427247,0.11339331425445155
8,0.06957703201771664,0.09358949577098066
9,0.06723108868784017,0.13591083672468438
10,0.06500368950809927,0.11094954812817888
11,0.06340769492916978,0.10495888246023417
