epoch,train_loss,val_loss
1,0.032303017560128815,0.4125083689131087
2,0.020686113822698922,0.6223325671513814
3,0.01753833380298,0.6146210889174919
4,0.015450274737220663,0.5184350207534273
5,0.013889338803700746,0.6135638258968804
6,0.012677759238371127,0.7752663376707682
7,0.011964826256177242,0.7220125894779315
8,0.011460020110286158,0.8025203580057607
9,0.01113145265638108,0.7852182800569206
10,0.010841133941654582,0.7267500287740675
11,0.010628706518208504,0.7955497955548998
