epoch,train_loss,val_loss
1,0.185326172913498,0.08329178725561628
2,0.0993212533071305,0.12767517896587746
3,0.08742342329408315,0.12009222497734591
4,0.0802891874716328,0.12288058550272796
5,0.0755894334909311,0.12780088955677635
6,0.07105661566088317,0.12395702685502097
7,0.06833898294357275,0.11959825769443215
8,0.06638680611021629,0.13926184988880938
9,0.06365664019339329,0.09167176925675476
10,0.061351388341361134,0.10347952369329302
11,0.059530065846068986,0.08728225659828129
